race,pct_missing,pct_pop
American Indian/Alaska Native,0.022014128470510926,1.2348610798365064e-07
Black,0.15311319204862822,1.2348610798365064e-07
White,0.8248726794808608,1.2348610798365064e-07
