gender,pct_missing,pct_pop
Male,0.6277012327773749,0.4908163127186877
Female,0.3722987672226251,0.5091836872813122
