,Month,Rate
0,January,18.870967741935484
1,February,16.353982300884955
2,March,17.387096774193548
3,April,16.966666666666665
4,May,19.967741935483872
5,June,21.266666666666666
6,July,21.06451612903226
7,August,20.677419354838708
8,September,18.066666666666666
9,October,17.870967741935484
10,November,19.0
11,December,18.806451612903224
